회사명,제목,링크,지역,경력,학력,고용형태,마감일,직무분야,연봉정보,크롤링_시간
넛지헬스케어(주),[캐시워크] 데이터분석 담당 채용전환형 인턴,https://www.saramin.co.kr/zf_user/jobs/relay/view?view_type=search&rec_idx=49356995&location=ts&searchword=%EB%8D%B0%EC%9D%B4%ED%84%B0+%EB%B6%84%EC%84%9D&searchType=search&paid_fl=n&search_uuid=9c6852f5-7955-4e7d-87e1-dd5ac5d32010,서울 강남구,신입,대졸↑,인턴직,~ 01/06(월),"데이터엔지니어, 데이터분석가, 데이터분석, 데이터시각화, 경영분석 외                    수정일 24/11/13",인기있는,2024-12-08 20:13:59.416872
(주)마크클라우드,"AI 개발(Python), 데이터분석 및 사업 기획 모집",https://www.saramin.co.kr/zf_user/jobs/relay/view?view_type=search&rec_idx=49441156&location=ts&searchword=%EB%8D%B0%EC%9D%B4%ED%84%B0+%EB%B6%84%EC%84%9D&searchType=search&paid_fl=n&search_uuid=9c6852f5-7955-4e7d-87e1-dd5ac5d32010,서울 강남구,신입·경력,대졸↑,정규직,~ 12/20(금),"데이터분석가, 데이터분석, 빅데이터, Python, 기획 외                    등록일 24/11/20",인기있는,2024-12-08 20:13:59.455776
(주)부동산플래닛,[데이터분석가] Data Analyst 채용,https://www.saramin.co.kr/zf_user/jobs/relay/view?view_type=search&rec_idx=49302374&location=ts&searchword=%EB%8D%B0%EC%9D%B4%ED%84%B0+%EB%B6%84%EC%84%9D&searchType=search&paid_fl=n&search_uuid=9c6852f5-7955-4e7d-87e1-dd5ac5d32010,서울 강남구,경력무관,석사↑,정규직,~ 12/29(일),"데이터엔지니어, 데이터분석가, 데이터분석, 데이터시각화, 데이터마이닝 외                    수정일 24/11/27",Seed 투자유치,2024-12-08 20:13:59.457458
(주)디리아,데이터분석 및 데이터엔지니어 채용(신입/경력),https://www.saramin.co.kr/zf_user/jobs/relay/view?view_type=search&rec_idx=49534324&location=ts&searchword=%EB%8D%B0%EC%9D%B4%ED%84%B0+%EB%B6%84%EC%84%9D&searchType=search&paid_fl=n&search_uuid=9c6852f5-7955-4e7d-87e1-dd5ac5d32010,서울 서초구,경력무관,대졸↑,정규직,채용시,"데이터엔지니어, 데이터분석가, 데이터시각화, 빅데이터, 솔루션 외                    등록일 24/12/05",인기있는,2024-12-08 20:13:59.459159
한국폴리텍대학 광명융합기술교육원,데이터분석/바이오/설계/AR/VR/전기 취업연계 교육생 모집,https://www.saramin.co.kr/zf_user/jobs/relay/view?view_type=search&rec_idx=49188717&location=ts&searchword=%EB%8D%B0%EC%9D%B4%ED%84%B0+%EB%B6%84%EC%84%9D&searchType=search&paid_fl=n&search_uuid=9c6852f5-7955-4e7d-87e1-dd5ac5d32010,경기전체,경력무관,초대졸↑,교육생,~ 12/31(화),"데이터엔지니어, 데이터분석가, 데이터분석, 데이터시각화, OracleDB 외                    수정일 24/11/01",교육 지원 TOP100,2024-12-08 20:13:59.460678
휴먼링크,[울산시 중구 / 공기업 / 데이터분석 보조(사무직)] 채용 안내,https://www.saramin.co.kr/zf_user/jobs/relay/view?view_type=search&rec_idx=49532832&location=ts&searchword=%EB%8D%B0%EC%9D%B4%ED%84%B0+%EB%B6%84%EC%84%9D&searchType=search&paid_fl=n&search_uuid=9c6852f5-7955-4e7d-87e1-dd5ac5d32010,울산 중구,경력무관,초대졸↑,파견직,채용시,"자료입력, 사무보조, 문서작성, 사무직, 서류관리 외                    등록일 24/12/05",인기있는,2024-12-08 20:13:59.462333
쿠팡(주),[쿠팡] Business Analyst (비즈니스 데이터 분석) 경력자,https://www.saramin.co.kr/zf_user/jobs/relay/view?view_type=search&rec_idx=49434023&location=ts&searchword=%EB%8D%B0%EC%9D%B4%ED%84%B0+%EB%B6%84%EC%84%9D&searchType=search&paid_fl=n&search_uuid=9c6852f5-7955-4e7d-87e1-dd5ac5d32010,서울 송파구,경력 5~18년,대졸↑,정규직,~ 12/20(금),"통계/분석, 데이터분석가, 빅데이터, Python, 마케팅 외                    등록일 24/11/20",재택근무,2024-12-08 20:13:59.463991
(주)테크랩스,마케팅 데이터 분석 (브랜드엑셀러레이팅사업부),https://www.saramin.co.kr/zf_user/jobs/relay/view?view_type=search&rec_idx=49410863&location=ts&searchword=%EB%8D%B0%EC%9D%B4%ED%84%B0+%EB%B6%84%EC%84%9D&searchType=search&paid_fl=n&search_uuid=9c6852f5-7955-4e7d-87e1-dd5ac5d32010,서울 강남구,경력 2~10년,대졸↑,정규직,~ 12/14(토),"통계/분석, 데이터분석가, Python, 마케팅, 마케팅기획 외                    수정일 24/11/15",취업축하금,2024-12-08 20:13:59.465454
(주)숲,[SOOP] 데이터 분석 및 지표 설계,https://www.saramin.co.kr/zf_user/jobs/relay/view?view_type=search&rec_idx=49481364&location=ts&searchword=%EB%8D%B0%EC%9D%B4%ED%84%B0+%EB%B6%84%EC%84%9D&searchType=search&paid_fl=n&search_uuid=9c6852f5-7955-4e7d-87e1-dd5ac5d32010,경기 성남시 분당구,경력 3~10년,학력무관,정규직,오늘마감,"데이터엔지니어, 통계/분석, 데이터분석가, 데이터분석, 데이터시각화 외                    등록일 24/11/27",연봉상승률 10% 이상,2024-12-08 20:13:59.467240
(주)케이에스씨앤씨,[신입/경력] 신용평가/금융데이터분석 컨설팅 인재 채용,https://www.saramin.co.kr/zf_user/jobs/relay/view?view_type=search&rec_idx=49522301&location=ts&searchword=%EB%8D%B0%EC%9D%B4%ED%84%B0+%EB%B6%84%EC%84%9D&searchType=search&paid_fl=n&search_uuid=9c6852f5-7955-4e7d-87e1-dd5ac5d32010,서울 영등포구,신입·경력,대졸↑,정규직,~ 01/31(금),"통계/분석, 데이터분석, Python, 모델링, SAS 외                    등록일 24/12/03",기획·전략 지원 급상승,2024-12-08 20:13:59.468829
(주)이와이드플러스,[수원영통] 삼성 App서비스 데이터분석/리포팅 담당자 채용,https://www.saramin.co.kr/zf_user/jobs/relay/view?view_type=search&rec_idx=49525312&location=ts&searchword=%EB%8D%B0%EC%9D%B4%ED%84%B0+%EB%B6%84%EC%84%9D&searchType=search&paid_fl=n&search_uuid=9c6852f5-7955-4e7d-87e1-dd5ac5d32010,경기 수원시 영통구,신입·경력,대졸↑,정규직,채용시,"통계/분석, 데이터분석가, 데이터분석, 실적관리, 데이터 사이언티스트 외                    수정일 24/12/04",육아휴직,2024-12-08 20:13:59.470324
(주)딜리버드코리아,[딜리버드코리아] 데이터 분석가 / 데이터 사이언티스트 모집,https://www.saramin.co.kr/zf_user/jobs/relay/view?view_type=search&rec_idx=49474375&location=ts&searchword=%EB%8D%B0%EC%9D%B4%ED%84%B0+%EB%B6%84%EC%84%9D&searchType=search&paid_fl=n&search_uuid=9c6852f5-7955-4e7d-87e1-dd5ac5d32010,서울 강서구,경력,학력무관,정규직,채용시,"통계/분석, 데이터분석가, 데이터분석, 데이터시각화, 데이터마이닝 외                    수정일 24/12/03",인기있는,2024-12-08 20:13:59.471829
쿠팡(주),[쿠팡] 데이터 분석 PM (Taxonomy),https://www.saramin.co.kr/zf_user/jobs/relay/view?view_type=search&rec_idx=49394068&location=ts&searchword=%EB%8D%B0%EC%9D%B4%ED%84%B0+%EB%B6%84%EC%84%9D&searchType=search&paid_fl=n&search_uuid=9c6852f5-7955-4e7d-87e1-dd5ac5d32010,서울 송파구,경력3년↑,대졸↑,정규직,채용시,"데이터엔지니어, 데이터분석가, 데이터분석, 데이터시각화, 데이터 사이언티스트 외                    수정일 24/11/14",재택근무,2024-12-08 20:13:59.473347
(주)마루에이치알,[현대카드/Fee Biz사업팀]상품운영관리/마케팅캠페인 데이터분석,https://www.saramin.co.kr/zf_user/jobs/relay/view?view_type=search&rec_idx=49516338&location=ts&searchword=%EB%8D%B0%EC%9D%B4%ED%84%B0+%EB%B6%84%EC%84%9D&searchType=search&paid_fl=n&search_uuid=9c6852f5-7955-4e7d-87e1-dd5ac5d32010,서울 영등포구,경력무관,대졸↑,계약직,~ 01/02(목),"데이터분석가, 데이터분석, 실적관리, 빅데이터, 마케팅 외                    수정일 24/12/05",금융·보험 스크랩 TOP100,2024-12-08 20:13:59.475350
(주)뉴엔에이아이,[재택 근무] 영어 데이터 모니터링 / 데이터 분석 담당자 모집,https://www.saramin.co.kr/zf_user/jobs/relay/view?view_type=search&rec_idx=49451508&location=ts&searchword=%EB%8D%B0%EC%9D%B4%ED%84%B0+%EB%B6%84%EC%84%9D&searchType=search&paid_fl=n&search_uuid=9c6852f5-7955-4e7d-87e1-dd5ac5d32010,경기 고양시 일산서구,경력무관,초대졸↑,프리랜서,~ 01/21(화),"데이터분석가, 데이터 사이언티스트, 홍보, 시장조사, 언론홍보 외                    수정일 24/12/06",,2024-12-08 20:13:59.477013
㈜이씨마이너,연구소 빅데이터분석/AI솔루션개발자/Java 개발자 모집,https://www.saramin.co.kr/zf_user/jobs/relay/view?view_type=search&rec_idx=49420870&location=ts&searchword=%EB%8D%B0%EC%9D%B4%ED%84%B0+%EB%B6%84%EC%84%9D&searchType=search&paid_fl=n&search_uuid=9c6852f5-7955-4e7d-87e1-dd5ac5d32010,서울 강남구,경력무관,대졸↑,정규직,~ 01/17(금),"네트워크, Java, CSS, Javascript, RestAPI 외                    수정일 24/11/18",인기있는,2024-12-08 20:13:59.478764
(주)사람인에이치에스,[상장사/외국계] 소셜리스닝 데이터 분석 컨설턴트 정규직 채용,https://www.saramin.co.kr/zf_user/jobs/relay/view?view_type=search&rec_idx=49510241&location=ts&searchword=%EB%8D%B0%EC%9D%B4%ED%84%B0+%EB%B6%84%EC%84%9D&searchType=search&paid_fl=n&search_uuid=9c6852f5-7955-4e7d-87e1-dd5ac5d32010,서울 강남구,경력2년↑,초대졸↑,정규직,채용시,"데이터엔지니어, 데이터분석가, 데이터분석, 데이터시각화, 데이터마이닝 외                    수정일 24/12/05",인기있는,2024-12-08 20:13:59.480476
콘센트릭스서비스코리아(유),데이터 분석 (태깅),https://www.saramin.co.kr/zf_user/jobs/relay/view?view_type=search&rec_idx=49279558&location=ts&searchword=%EB%8D%B0%EC%9D%B4%ED%84%B0+%EB%B6%84%EC%84%9D&searchType=search&paid_fl=n&search_uuid=9c6852f5-7955-4e7d-87e1-dd5ac5d32010,서울 강남구,신입·경력,학력무관,정규직,~ 12/27(금),"데이터분석가, 데이터분석, 솔루션, 기획, HTML 외                    수정일 24/11/28",성과급/상여금,2024-12-08 20:13:59.481970
(주)인텔리코드,ML연구소 데이터분석가 모집,https://www.saramin.co.kr/zf_user/jobs/relay/view?view_type=search&rec_idx=49404202&location=ts&searchword=%EB%8D%B0%EC%9D%B4%ED%84%B0+%EB%B6%84%EC%84%9D&searchType=search&paid_fl=n&search_uuid=9c6852f5-7955-4e7d-87e1-dd5ac5d32010,경기 수원시 영통구,경력무관,대졸↑,정규직,~ 12/25(수),"데이터분석가, 솔루션, Python, 딥러닝, 머신러닝 외                    수정일 24/12/04",인기있는,2024-12-08 20:13:59.483813
다산팩 주식회사,데이터 분석팀 - 데이터 분석가 채용,https://www.saramin.co.kr/zf_user/jobs/relay/view?view_type=search&rec_idx=49423318&location=ts&searchword=%EB%8D%B0%EC%9D%B4%ED%84%B0+%EB%B6%84%EC%84%9D&searchType=search&paid_fl=n&search_uuid=9c6852f5-7955-4e7d-87e1-dd5ac5d32010,서울 송파구,경력무관,대졸↑,정규직,~ 12/18(수),"데이터시각화, 빅데이터, Python, SQL, 재무 외                    등록일 24/11/18",연봉상승률 20% 이상,2024-12-08 20:13:59.485382
(주)엔플럭스,공공기관 DA(데이터 분석업무) 인력 채용,https://www.saramin.co.kr/zf_user/jobs/relay/view?view_type=search&rec_idx=49439351&location=ts&searchword=%EB%8D%B0%EC%9D%B4%ED%84%B0+%EB%B6%84%EC%84%9D&searchType=search&paid_fl=n&search_uuid=9c6852f5-7955-4e7d-87e1-dd5ac5d32010,서울 도봉구,경력무관,초대졸↑,정규직,~ 12/13(금),"데이터분석가, 기획, GIS, 솔루션업체, 소프트웨어개발 수정일 24/11/20",기획·전략 지원 급상승,2024-12-08 20:13:59.487018
쿠팡풀필먼트서비스(유),[쿠팡CFS] 물류센터 데이터 분석 담당자 (Research & Planning),https://www.saramin.co.kr/zf_user/jobs/relay/view?view_type=search&rec_idx=49492358&location=ts&searchword=%EB%8D%B0%EC%9D%B4%ED%84%B0+%EB%B6%84%EC%84%9D&searchType=search&paid_fl=n&search_uuid=9c6852f5-7955-4e7d-87e1-dd5ac5d32010,인천 중구,경력2년↑,학력무관,정규직,~ 12/31(화),"데이터분석가, 데이터분석, SQL, ERP, 창고·보관 외                    수정일 24/12/01",급성장중,2024-12-08 20:13:59.488608
(주)에스티유니타스,[ST Unitas] 공무원 상품기획 & 데이터분석 팀원급 인재채용,https://www.saramin.co.kr/zf_user/jobs/relay/view?view_type=search&rec_idx=49177535&location=ts&searchword=%EB%8D%B0%EC%9D%B4%ED%84%B0+%EB%B6%84%EC%84%9D&searchType=search&paid_fl=n&search_uuid=9c6852f5-7955-4e7d-87e1-dd5ac5d32010,서울 구로구,신입·경력,대졸↑,정규직,~ 12/10(화),"데이터분석, 기획, 상품기획, CRM마케팅, 컨텐츠제공 외                    수정일 24/12/06",마케팅·홍보·조사 스크랩 급상승,2024-12-08 20:13:59.490140
(사)한국기술사업화진흥협회,[무료교육] 제조기업 기반 빅데이터 분석 실무,https://www.saramin.co.kr/zf_user/jobs/relay/view?view_type=search&rec_idx=49422214&location=ts&searchword=%EB%8D%B0%EC%9D%B4%ED%84%B0+%EB%B6%84%EC%84%9D&searchType=search&paid_fl=n&search_uuid=9c6852f5-7955-4e7d-87e1-dd5ac5d32010,대구 달서구,경력무관,학력무관,교육생,~ 12/17(화),"데이터엔지니어, 데이터분석가, 데이터분석, 데이터시각화, 품질분석 외                    수정일 24/11/18",,2024-12-08 20:13:59.491972
(주)이매진씨앤이,상상 국어 평가 연구소에서 데이터 분석 전문가를 모십니다.,https://www.saramin.co.kr/zf_user/jobs/relay/view?view_type=search&rec_idx=49379025&location=ts&searchword=%EB%8D%B0%EC%9D%B4%ED%84%B0+%EB%B6%84%EC%84%9D&searchType=search&paid_fl=n&search_uuid=9c6852f5-7955-4e7d-87e1-dd5ac5d32010,서울 서초구,경력무관,대졸↑,정규직,~ 12/11(수),"데이터분석가, 교재제작·출판 수정일 24/11/11",,2024-12-08 20:13:59.493511
(주)퍼플아카데미,데이터 분석가 신입/경력 채용,https://www.saramin.co.kr/zf_user/jobs/relay/view?view_type=search&rec_idx=49475791&location=ts&searchword=%EB%8D%B0%EC%9D%B4%ED%84%B0+%EB%B6%84%EC%84%9D&searchType=search&paid_fl=n&search_uuid=9c6852f5-7955-4e7d-87e1-dd5ac5d32010,서울전체,신입·경력,대졸↑,정규직,~ 12/25(수),"데이터엔지니어, 데이터분석가, 데이터시각화, 데이터마이닝, 빅데이터 외                    등록일 24/11/26",취업축하금,2024-12-08 20:13:59.495193
(주)기어세컨드,[기어세컨드] 데이터 분석가 채용,https://www.saramin.co.kr/zf_user/jobs/relay/view?view_type=search&rec_idx=49444756&location=ts&searchword=%EB%8D%B0%EC%9D%B4%ED%84%B0+%EB%B6%84%EC%84%9D&searchType=search&paid_fl=n&search_uuid=9c6852f5-7955-4e7d-87e1-dd5ac5d32010,서울 마포구,경력무관,학력무관,정규직,채용시,"데이터엔지니어, 데이터분석가, 데이터분석, 데이터시각화, 데이터 사이언티스트 외                    등록일 24/11/21",,2024-12-08 20:13:59.496793
(주)온택트헬스,데이터 분석가 채용,https://www.saramin.co.kr/zf_user/jobs/relay/view?view_type=search&rec_idx=49324570&location=ts&searchword=%EB%8D%B0%EC%9D%B4%ED%84%B0+%EB%B6%84%EC%84%9D&searchType=search&paid_fl=n&search_uuid=9c6852f5-7955-4e7d-87e1-dd5ac5d32010,서울 서대문구,경력무관,석사↑,정규직·계약직,~ 01/03(금),"데이터분석가, 데이터 사이언티스트, 빅데이터, SQL, R 외                    수정일 24/12/06",평균연봉 상위 10%,2024-12-08 20:13:59.498358
(주)씨티아이랩,[데이터분석가] AI 모델 개발자,https://www.saramin.co.kr/zf_user/jobs/relay/view?view_type=search&rec_idx=49407843&location=ts&searchword=%EB%8D%B0%EC%9D%B4%ED%84%B0+%EB%B6%84%EC%84%9D&searchType=search&paid_fl=n&search_uuid=9c6852f5-7955-4e7d-87e1-dd5ac5d32010,경기 성남시 수정구,신입,초대졸↑,정규직,상시채용,"데이터분석가, 솔루션, SQL, 딥러닝, 머신러닝 외                    수정일 24/11/28",연봉상승률 15% 이상,2024-12-08 20:13:59.500060
(주)네피리티,[서울]데이터 분석 및 모델 개발 계약직/정규직 모집,https://www.saramin.co.kr/zf_user/jobs/relay/view?view_type=search&rec_idx=49382395&location=ts&searchword=%EB%8D%B0%EC%9D%B4%ED%84%B0+%EB%B6%84%EC%84%9D&searchType=search&paid_fl=n&search_uuid=9c6852f5-7955-4e7d-87e1-dd5ac5d32010,서울 서초구,신입·경력,학력무관,정규직·계약직,~ 12/12(목),"Python, 머신러닝, AI(인공지능), 데이터분석, DataMining 외                    수정일 24/11/12",연봉상승률 10% 이상,2024-12-08 20:13:59.501585
(주)콜로세움코퍼레이션,데이터 분석가,https://www.saramin.co.kr/zf_user/jobs/relay/view?view_type=search&rec_idx=49495795&location=ts&searchword=%EB%8D%B0%EC%9D%B4%ED%84%B0+%EB%B6%84%EC%84%9D&searchType=search&paid_fl=n&search_uuid=9c6852f5-7955-4e7d-87e1-dd5ac5d32010,서울 강남구,경력 1~10년,학력무관,정규직,~ 12/28(토),"DBA, 데이터분석가, 데이터시각화, 데이터마이닝, RDBMS 외                    등록일 24/11/29",취업축하금,2024-12-08 20:13:59.503106
서울특별시보라매병원,보라매병원 데이터사이언스센터 데이터 분석 담당 연구원 모집,https://www.saramin.co.kr/zf_user/jobs/relay/view?view_type=search&rec_idx=49521887&location=ts&searchword=%EB%8D%B0%EC%9D%B4%ED%84%B0+%EB%B6%84%EC%84%9D&searchType=search&paid_fl=n&search_uuid=9c6852f5-7955-4e7d-87e1-dd5ac5d32010,서울 동작구,경력무관,석사↑,계약직·인턴직,~ 12/31(화),"데이터엔지니어, 데이터분석가, 데이터시각화, 데이터마이닝, 빅데이터 외                    등록일 24/12/03",,2024-12-08 20:13:59.504761
이다웰(주),파이썬 활용가능 데이터 분석가 모집,https://www.saramin.co.kr/zf_user/jobs/relay/view?view_type=search&rec_idx=49501156&location=ts&searchword=%EB%8D%B0%EC%9D%B4%ED%84%B0+%EB%B6%84%EC%84%9D&searchType=search&paid_fl=n&search_uuid=9c6852f5-7955-4e7d-87e1-dd5ac5d32010,경기 용인시 기흥구,경력무관,학력무관,정규직,~ 12/30(월),"데이터분석가, 소프트웨어개발 등록일 24/11/30",연봉상승률 15% 이상,2024-12-08 20:13:59.506171
더플랜비랩,데이터 분석 및 추출 가공 신입/경력 채용,https://www.saramin.co.kr/zf_user/jobs/relay/view?view_type=search&rec_idx=49261917&location=ts&searchword=%EB%8D%B0%EC%9D%B4%ED%84%B0+%EB%B6%84%EC%84%9D&searchType=search&paid_fl=n&search_uuid=9c6852f5-7955-4e7d-87e1-dd5ac5d32010,서울 금천구,경력무관,초대졸↑,정규직·계약직,채용시,"데이터분석가, 빅데이터, SQL, MySQL, GCP 외                    등록일 24/10/24",,2024-12-08 20:13:59.507941
(주)스마일게이트홀딩스,[스마일게이트 홀딩스][재무] 데이터 분석 담당 (인턴),https://www.saramin.co.kr/zf_user/jobs/relay/view?view_type=search&rec_idx=49492761&location=ts&searchword=%EB%8D%B0%EC%9D%B4%ED%84%B0+%EB%B6%84%EC%84%9D&searchType=search&paid_fl=n&search_uuid=9c6852f5-7955-4e7d-87e1-dd5ac5d32010,경기 성남시 분당구,신입,학력무관,인턴직,~ 12/29(일),"데이터분석, 재무, 게임 수정일 24/11/29",연봉상승률 10% 이상,2024-12-08 20:13:59.509491
(주)테크랩스,마케팅 데이터 분석 (브랜드엑셀러레이팅사업부),https://www.saramin.co.kr/zf_user/jobs/relay/view?view_type=search&rec_idx=49409290&location=ts&searchword=%EB%8D%B0%EC%9D%B4%ED%84%B0+%EB%B6%84%EC%84%9D&searchType=search&paid_fl=n&search_uuid=9c6852f5-7955-4e7d-87e1-dd5ac5d32010,서울 강남구,경력 2~10년,대졸↑,정규직,~ 01/05(일),"통계/분석, 데이터분석, 마케팅, 온라인마케팅, 브랜드마케팅 외                    수정일 24/11/15",연봉상승률 10% 이상,2024-12-08 20:13:59.511215
주식회사 청담글로벌,[코스닥상장사] (주)청담글로벌 중국 왕홍 데이터 분석 담당자,https://www.saramin.co.kr/zf_user/jobs/relay/view?view_type=search&rec_idx=49543003&location=ts&searchword=%EB%8D%B0%EC%9D%B4%ED%84%B0+%EB%B6%84%EC%84%9D&searchType=search&paid_fl=n&search_uuid=9c6852f5-7955-4e7d-87e1-dd5ac5d32010,서울 마포구,경력1년↑,초대졸↑,정규직,~ 02/04(화),"매출관리, 통계/분석, 상품분석, 온라인MD, 쇼핑몰 외                    수정일 24/12/06",마케팅·홍보·조사 지원 급상승,2024-12-08 20:13:59.512968
넛지헬스케어(주),[넛지헬스케어] 데이터분석 담당 산업기능요원 (병역특례),https://www.saramin.co.kr/zf_user/jobs/relay/view?view_type=search&rec_idx=49338818&location=ts&searchword=%EB%8D%B0%EC%9D%B4%ED%84%B0+%EB%B6%84%EC%84%9D&searchType=search&paid_fl=n&search_uuid=9c6852f5-7955-4e7d-87e1-dd5ac5d32010,서울 강남구,경력무관,학력무관,산업기능요원·현역,~ 01/04(토),"데이터엔지니어, 통계/분석, 데이터분석가, 데이터분석, 데이터시각화 외                    수정일 24/11/13",급성장중,2024-12-08 20:13:59.514525
(주)플렉싱크,AI사업본부(데이터 분석/AI모델링) 채용,https://www.saramin.co.kr/zf_user/jobs/relay/view?view_type=search&rec_idx=49362376&location=ts&searchword=%EB%8D%B0%EC%9D%B4%ED%84%B0+%EB%B6%84%EC%84%9D&searchType=search&paid_fl=n&search_uuid=9c6852f5-7955-4e7d-87e1-dd5ac5d32010,제주 제주시,경력무관,대졸↑,정규직,~ 12/30(월),"통계/분석, 데이터분석가, 데이터분석, 빅데이터, 솔루션 외                    등록일 24/11/08",연봉상승률 15% 이상,2024-12-08 20:13:59.516257
(주)이디케이스파솔루션,[피몽쉐] 화장품 브랜드사 그로스 마케터 모집 (데이터분석 必),https://www.saramin.co.kr/zf_user/jobs/relay/view?view_type=search&rec_idx=49315820&location=ts&searchword=%EB%8D%B0%EC%9D%B4%ED%84%B0+%EB%B6%84%EC%84%9D&searchType=search&paid_fl=n&search_uuid=9c6852f5-7955-4e7d-87e1-dd5ac5d32010,서울 영등포구,경력무관,대졸↑,정규직,채용시,"통계/분석, 데이터분석, 마케팅, 기획, 마케팅기획 외                    등록일 24/11/01",유연근무제,2024-12-08 20:13:59.517909
(주)한국정보통계,[통계팀] 데이터 분석가(사회조사분석사),https://www.saramin.co.kr/zf_user/jobs/relay/view?view_type=search&rec_idx=49345668&location=ts&searchword=%EB%8D%B0%EC%9D%B4%ED%84%B0+%EB%B6%84%EC%84%9D&searchType=search&paid_fl=n&search_uuid=7faeb57c-27ec-48df-96b7-df1410b7063e,전북 전주시 완산구,경력무관,초대졸↑,정규직,채용시,"통계/분석, 데이터분석, 조사분석 수정일 24/11/06",프리한 복장,2024-12-08 20:14:01.505608
(주)아티언스,글로벌 마케팅 데이터 분석 담당 (5년 이상),https://www.saramin.co.kr/zf_user/jobs/relay/view?view_type=search&rec_idx=49521474&location=ts&searchword=%EB%8D%B0%EC%9D%B4%ED%84%B0+%EB%B6%84%EC%84%9D&searchType=search&paid_fl=n&search_uuid=7faeb57c-27ec-48df-96b7-df1410b7063e,서울 마포구,경력5년↑,대졸↑,정규직,~ 01/02(목),"데이터엔지니어, 통계/분석, 데이터분석가, 마케팅, 마케팅기획 외                    수정일 24/12/04",취업축하금,2024-12-08 20:14:01.508081
(주)토마토시스템,[(주)토마토시스템] AI데이터 분석 부문 채용(경력),https://www.saramin.co.kr/zf_user/jobs/relay/view?view_type=search&rec_idx=49543994&location=ts&searchword=%EB%8D%B0%EC%9D%B4%ED%84%B0+%EB%B6%84%EC%84%9D&searchType=search&paid_fl=n&search_uuid=7faeb57c-27ec-48df-96b7-df1410b7063e,서울 강남구,경력3년↑,대졸↑,정규직,진행예정,"데이터엔지니어, 데이터분석가, 빅데이터, 솔루션, 클라우드 외                    등록일 24/12/06",육아휴직,2024-12-08 20:14:01.509959
(주)한국일보사,[경력] 한국일보 데이터 분석 계약직 사원 공개채용(~12/17),https://www.saramin.co.kr/zf_user/jobs/relay/view?view_type=search&rec_idx=49543959&location=ts&searchword=%EB%8D%B0%EC%9D%B4%ED%84%B0+%EB%B6%84%EC%84%9D&searchType=search&paid_fl=n&search_uuid=7faeb57c-27ec-48df-96b7-df1410b7063e,서울 중구,경력 2~20년,대졸↑,계약직,~ 12/17(화),"데이터분석가, 데이터시각화, 데이터마이닝, 데이터라벨링, 알고리즘 외                    등록일 24/12/06",평균연봉 상위 10%,2024-12-08 20:14:01.511565
안진회계법인,[딜로이트 안진회계법인] 금융기관 데이터 분석 전문가,https://www.saramin.co.kr/zf_user/jobs/relay/view?view_type=search&rec_idx=49395010&location=ts&searchword=%EB%8D%B0%EC%9D%B4%ED%84%B0+%EB%B6%84%EC%84%9D&searchType=search&paid_fl=n&search_uuid=7faeb57c-27ec-48df-96b7-df1410b7063e,서울 영등포구,경력 5~10년,대졸↑,정규직,~ 12/12(목),"데이터엔지니어, 데이터분석가, 데이터 사이언티스트, Python, SQL 외                    등록일 24/11/13",평균연봉 상위 10%,2024-12-08 20:14:01.513049
십일번가(주),[11번가] 데이터분석 담당자 모집,https://www.saramin.co.kr/zf_user/jobs/relay/view?view_type=search&rec_idx=49427791&location=ts&searchword=%EB%8D%B0%EC%9D%B4%ED%84%B0+%EB%B6%84%EC%84%9D&searchType=search&paid_fl=n&search_uuid=7faeb57c-27ec-48df-96b7-df1410b7063e,경기 광명시,경력5년↑,학력무관,정규직,~ 12/15(일),"데이터분석가, SQL, 전자상거래 등록일 24/11/19",평균연봉 상위 10%,2024-12-08 20:14:01.514427
(주)맨파워그룹코리아,[광화문역] 글로벌 IT기업 Map 데이터 분석 및 업데이트 채용,https://www.saramin.co.kr/zf_user/jobs/relay/view?view_type=search&rec_idx=49484057&location=ts&searchword=%EB%8D%B0%EC%9D%B4%ED%84%B0+%EB%B6%84%EC%84%9D&searchType=search&paid_fl=n&search_uuid=7faeb57c-27ec-48df-96b7-df1410b7063e,서울 종로구,경력무관,초대졸↑,계약직·파견직,~ 12/16(월),"데이터엔지니어, DBA, 데이터분석가, 데이터분석, 데이터시각화 외                    수정일 24/12/04",재택근무,2024-12-08 20:14:01.515853
(주)빗썸코리아,데이터 분석 개발자 경력 채용,https://www.saramin.co.kr/zf_user/jobs/relay/view?view_type=search&rec_idx=49534693&location=ts&searchword=%EB%8D%B0%EC%9D%B4%ED%84%B0+%EB%B6%84%EC%84%9D&searchType=search&paid_fl=n&search_uuid=7faeb57c-27ec-48df-96b7-df1410b7063e,서울 강남구,경력 4~12년,대졸↑,정규직,~ 01/04(토),"데이터엔지니어, 데이터분석가, 데이터시각화, 데이터마이닝, 빅데이터 외                    등록일 24/12/05",취업축하금,2024-12-08 20:14:01.517455
넛지헬스케어(주),[넛지헬스케어] 데이터분석가 - 석사/박사,https://www.saramin.co.kr/zf_user/jobs/relay/view?view_type=search&rec_idx=49332193&location=ts&searchword=%EB%8D%B0%EC%9D%B4%ED%84%B0+%EB%B6%84%EC%84%9D&searchType=search&paid_fl=n&search_uuid=7faeb57c-27ec-48df-96b7-df1410b7063e,서울 강남구,경력무관,석사↑,정규직,~ 01/03(금),"데이터엔지니어, 데이터분석가, 데이터분석, 데이터시각화, 데이터마이닝 외                    수정일 24/11/13",급성장중,2024-12-08 20:14:01.519043
(주)컬리,[컬리] BI팀 데이터 분석가 (Data Analyst),https://www.saramin.co.kr/zf_user/jobs/relay/view?view_type=search&rec_idx=49351457&location=ts&searchword=%EB%8D%B0%EC%9D%B4%ED%84%B0+%EB%B6%84%EC%84%9D&searchType=search&paid_fl=n&search_uuid=7faeb57c-27ec-48df-96b7-df1410b7063e,서울 강남구,경력3년↑,학력무관,정규직,채용시,"데이터분석가, R, 판매 등록일 24/11/06","2,000억 이상 투자유치",2024-12-08 20:14:01.520628
넛지헬스케어(주),[캐시워크] 데이터분석 담당 (석사/박사),https://www.saramin.co.kr/zf_user/jobs/relay/view?view_type=search&rec_idx=49418589&location=ts&searchword=%EB%8D%B0%EC%9D%B4%ED%84%B0+%EB%B6%84%EC%84%9D&searchType=search&paid_fl=n&search_uuid=7faeb57c-27ec-48df-96b7-df1410b7063e,서울 강남구,신입·경력,석사↑,정규직,~ 12/17(화),"데이터분석가, 데이터시각화, 데이터마이닝, 빅데이터, Python 외                    등록일 24/11/18",취업축하금,2024-12-08 20:14:01.522360
넛지헬스케어(주),[병역특례] 데이터분석 담당 산업기능요원 모집,https://www.saramin.co.kr/zf_user/jobs/relay/view?view_type=search&rec_idx=49418977&location=ts&searchword=%EB%8D%B0%EC%9D%B4%ED%84%B0+%EB%B6%84%EC%84%9D&searchType=search&paid_fl=n&search_uuid=7faeb57c-27ec-48df-96b7-df1410b7063e,서울 강남구,신입·경력,학력무관,정규직,~ 12/17(화),"데이터분석가, 데이터시각화, 데이터마이닝, 빅데이터, Python 외                    등록일 24/11/18",취업축하금,2024-12-08 20:14:01.524184
(주)컬리,[컬리] 온사이트 프로모션 데이터 분석,https://www.saramin.co.kr/zf_user/jobs/relay/view?view_type=search&rec_idx=49455771&location=ts&searchword=%EB%8D%B0%EC%9D%B4%ED%84%B0+%EB%B6%84%EC%84%9D&searchType=search&paid_fl=n&search_uuid=7faeb57c-27ec-48df-96b7-df1410b7063e,서울 강남구,경력4년↓,대졸↑,정규직,채용시,"상품분석, 이커머스, 마케팅, 세일즈프로모션, 유통업 수정일 24/11/26","2,000억 이상 투자유치",2024-12-08 20:14:01.526052
호전실업(주),"데이터 분석, AI엔지니어 채용 (4~7년)",https://www.saramin.co.kr/zf_user/jobs/relay/view?view_type=search&rec_idx=49528482&location=ts&searchword=%EB%8D%B0%EC%9D%B4%ED%84%B0+%EB%B6%84%EC%84%9D&searchType=search&paid_fl=n&search_uuid=7faeb57c-27ec-48df-96b7-df1410b7063e,서울 마포구,경력 4~7년,대졸↑,정규직,~ 01/03(금),"데이터엔지니어, 데이터분석가, 데이터시각화, 데이터마이닝, RDBMS 외                    등록일 24/12/04",취업축하금,2024-12-08 20:14:01.527675
호전실업(주),"데이터 분석, AI엔지니어 채용 (8~10년)",https://www.saramin.co.kr/zf_user/jobs/relay/view?view_type=search&rec_idx=49528486&location=ts&searchword=%EB%8D%B0%EC%9D%B4%ED%84%B0+%EB%B6%84%EC%84%9D&searchType=search&paid_fl=n&search_uuid=7faeb57c-27ec-48df-96b7-df1410b7063e,서울 마포구,경력 8~10년,대졸↑,정규직,~ 01/03(금),"데이터엔지니어, 데이터분석가, 데이터시각화, 데이터마이닝, RDBMS 외                    등록일 24/12/04",취업축하금,2024-12-08 20:14:01.529155
(주)엠포스,[엠포스] 데이터 분석가 경력직 채용,https://www.saramin.co.kr/zf_user/jobs/relay/view?view_type=search&rec_idx=49539376&location=ts&searchword=%EB%8D%B0%EC%9D%B4%ED%84%B0+%EB%B6%84%EC%84%9D&searchType=search&paid_fl=n&search_uuid=7faeb57c-27ec-48df-96b7-df1410b7063e,서울 서초구,경력2년↑,초대졸↑,정규직,~ 01/05(일),"데이터분석가, 데이터분석, 솔루션, Python, SQL 외                    등록일 24/12/06",급성장중,2024-12-08 20:14:01.530767
(주)트리플하이엠,[연구소] 온라인 마케팅 데이터 분석 및 설계 (경력),https://www.saramin.co.kr/zf_user/jobs/relay/view?view_type=search&rec_idx=49464953&location=ts&searchword=%EB%8D%B0%EC%9D%B4%ED%84%B0+%EB%B6%84%EC%84%9D&searchType=search&paid_fl=n&search_uuid=7faeb57c-27ec-48df-96b7-df1410b7063e,서울 금천구,경력2년↑,대졸↑,정규직,~ 12/25(수),"데이터분석, 데이터시각화, 데이터마이닝, 데이터라벨링, 솔루션 외                    수정일 24/11/25",자유로운 연차,2024-12-08 20:14:01.532416
(주)모비릭스,[모비릭스] 게임DATA팀 데이터 분석 경력직 모집,https://www.saramin.co.kr/zf_user/jobs/relay/view?view_type=search&rec_idx=49480555&location=ts&searchword=%EB%8D%B0%EC%9D%B4%ED%84%B0+%EB%B6%84%EC%84%9D&searchType=search&paid_fl=n&search_uuid=7faeb57c-27ec-48df-96b7-df1410b7063e,서울 금천구,경력1년↑,학력무관,정규직·계약직,채용시,"데이터분석가, 데이터분석, Python, 모델링, 게임개발 외                    등록일 24/11/27",연봉상승률 30% 이상,2024-12-08 20:14:01.533968
트리노드(주),[서울/경력 2년 이상] 데이터분석팀 - 게임 데이터 분석가,https://www.saramin.co.kr/zf_user/jobs/relay/view?view_type=search&rec_idx=49347261&location=ts&searchword=%EB%8D%B0%EC%9D%B4%ED%84%B0+%EB%B6%84%EC%84%9D&searchType=search&paid_fl=n&search_uuid=7faeb57c-27ec-48df-96b7-df1410b7063e,서울 강남구,경력2년↑,학력무관,정규직,채용시,"데이터분석가, 데이터시각화, 데이터마이닝, RDBMS, Python 외                    수정일 24/11/29",연봉상승률 10% 이상,2024-12-08 20:14:01.535340
(주)네오위즈,[네오위즈] AI 연구원 - 데이터 분석 (전문연구요원),https://www.saramin.co.kr/zf_user/jobs/relay/view?view_type=search&rec_idx=49486275&location=ts&searchword=%EB%8D%B0%EC%9D%B4%ED%84%B0+%EB%B6%84%EC%84%9D&searchType=search&paid_fl=n&search_uuid=7faeb57c-27ec-48df-96b7-df1410b7063e,경기 성남시 분당구,경력3년↑,석사↑,정규직,~ 12/16(월),"Python, 클라우드, AWS, 딥러닝, 머신러닝 외                    등록일 24/11/28",평균연봉 상위 10%,2024-12-08 20:14:01.536965
씨앤토트(주),데이터 분석 및 시각화 (경력),https://www.saramin.co.kr/zf_user/jobs/relay/view?view_type=search&rec_idx=49487860&location=ts&searchword=%EB%8D%B0%EC%9D%B4%ED%84%B0+%EB%B6%84%EC%84%9D&searchType=search&paid_fl=n&search_uuid=7faeb57c-27ec-48df-96b7-df1410b7063e,서울 서초구,경력3년↑,고졸↑,정규직,~ 12/30(월),"데이터엔지니어, 데이터분석가, 데이터분석, 데이터시각화, 클라우드 외                    수정일 24/11/30",IT개발·데이터 지원 급상승,2024-12-08 20:14:01.539066
(주)피엠그로우,[피엠그로우] 데이터 분석가 채용 (전기차 배터리),https://www.saramin.co.kr/zf_user/jobs/relay/view?view_type=search&rec_idx=49535080&location=ts&searchword=%EB%8D%B0%EC%9D%B4%ED%84%B0+%EB%B6%84%EC%84%9D&searchType=search&paid_fl=n&search_uuid=7faeb57c-27ec-48df-96b7-df1410b7063e,서울 서초구,경력 2~5년,대졸↑,정규직,~ 01/04(토),"데이터엔지니어, 데이터분석가, 데이터시각화, 데이터 사이언티스트, 빅데이터 외                    등록일 24/12/05",IT개발·데이터 스크랩 급상승,2024-12-08 20:14:01.540817
콘센트릭스서비스코리아(유),GA/AA 데이터분석,https://www.saramin.co.kr/zf_user/jobs/relay/view?view_type=search&rec_idx=49281028&location=ts&searchword=%EB%8D%B0%EC%9D%B4%ED%84%B0+%EB%B6%84%EC%84%9D&searchType=search&paid_fl=n&search_uuid=7faeb57c-27ec-48df-96b7-df1410b7063e,서울 강남구,경력 1~11년,학력무관,정규직,~ 12/27(금),"데이터분석가, 데이터분석, 빅데이터, 솔루션, 마케팅 외                    수정일 24/11/28",,2024-12-08 20:14:01.553766
(주)데이터누리,[데이터누리] 데이터 분석가를 모십니다.,https://www.saramin.co.kr/zf_user/jobs/relay/view?view_type=search&rec_idx=49257728&location=ts&searchword=%EB%8D%B0%EC%9D%B4%ED%84%B0+%EB%B6%84%EC%84%9D&searchType=search&paid_fl=n&search_uuid=7faeb57c-27ec-48df-96b7-df1410b7063e,서울 강서구,경력5년↑,학력무관,정규직,채용시,"데이터분석가, Python, Java, SQL, 모델링 외                    수정일 24/11/18",IT개발·데이터 조회 급상승,2024-12-08 20:14:01.555760
(주)콤위즈,이동전화 빅데이터 분석업무 및 품질관리 정규직채용,https://www.saramin.co.kr/zf_user/jobs/relay/view?view_type=search&rec_idx=49509859&location=ts&searchword=%EB%8D%B0%EC%9D%B4%ED%84%B0+%EB%B6%84%EC%84%9D&searchType=search&paid_fl=n&search_uuid=7faeb57c-27ec-48df-96b7-df1410b7063e,서울 중구,신입·경력,초대졸↑,정규직,~ 01/01(수),"빅데이터, 정보통신, 통신, 텔레콤, 무선통신 등록일 24/12/02",IT개발·데이터 스크랩 급상승,2024-12-08 20:14:01.557521
한패스(주),[한패스(주)/데이터분석팀] 데이터분석가(Data Analyst) 담당자,https://www.saramin.co.kr/zf_user/jobs/relay/view?view_type=search&rec_idx=49520200&location=ts&searchword=%EB%8D%B0%EC%9D%B4%ED%84%B0+%EB%B6%84%EC%84%9D&searchType=search&paid_fl=n&search_uuid=7faeb57c-27ec-48df-96b7-df1410b7063e,서울 성동구,경력 3~20년,대졸↑,정규직,~ 01/02(목),"데이터분석가, Python, 네트워크, 핀테크, ETL 외                    등록일 24/12/03",시리즈B 투자유치,2024-12-08 20:14:01.559260
(주)해양정보기술,수치모델링/빅데이터분석 및 딥러닝 부문채용,https://www.saramin.co.kr/zf_user/jobs/relay/view?view_type=search&rec_idx=49385496&location=ts&searchword=%EB%8D%B0%EC%9D%B4%ED%84%B0+%EB%B6%84%EC%84%9D&searchType=search&paid_fl=n&search_uuid=7faeb57c-27ec-48df-96b7-df1410b7063e,서울 금천구,경력무관,대졸↑,정규직,~ 12/12(목),"빅데이터, Python, 딥러닝, C++, 모델링 외                    등록일 24/11/12",유연근무제,2024-12-08 20:14:01.560915
(주)썸에이지,[썸에이지] 데이터 분석 담당자 모집,https://www.saramin.co.kr/zf_user/jobs/relay/view?view_type=search&rec_idx=49512343&location=ts&searchword=%EB%8D%B0%EC%9D%B4%ED%84%B0+%EB%B6%84%EC%84%9D&searchType=search&paid_fl=n&search_uuid=7faeb57c-27ec-48df-96b7-df1410b7063e,경기 성남시 분당구,경력1년↑,학력무관,정규직,채용시,"데이터엔지니어, 데이터분석가, 빅데이터, Python, MySQL 외                    수정일 24/12/02",스타트업,2024-12-08 20:14:01.562320
(주)메디에이지,[헬스케어] 보건의료통계 및 데이터 분석 전문가 모집,https://www.saramin.co.kr/zf_user/jobs/relay/view?view_type=search&rec_idx=49393946&location=ts&searchword=%EB%8D%B0%EC%9D%B4%ED%84%B0+%EB%B6%84%EC%84%9D&searchType=search&paid_fl=n&search_uuid=7faeb57c-27ec-48df-96b7-df1410b7063e,경기 성남시 수정구,경력3년↑,대졸↑,정규직,~ 12/13(금),"데이터분석가, 데이터분석, 빅데이터, Python, 알고리즘 외                    수정일 24/11/13",시리즈A 투자유치,2024-12-08 20:14:01.563946
(주)가치의발견,[데이터분석] AI 데이터 분류(레이블링) 사원 모집,https://www.saramin.co.kr/zf_user/jobs/relay/view?view_type=search&rec_idx=49529650&location=ts&searchword=%EB%8D%B0%EC%9D%B4%ED%84%B0+%EB%B6%84%EC%84%9D&searchType=search&paid_fl=n&search_uuid=7faeb57c-27ec-48df-96b7-df1410b7063e,경기 고양시 일산서구,경력무관,학력무관,정규직·계약직,~ 12/31(화),"데이터분석, 디지털마케팅, SI·시스템통합, 시스템관리, 소프트웨어개발 등록일 24/12/04",급성장중,2024-12-08 20:14:01.565589
(사)한국컨설팅산업협회,데이터 분석 부문 컨설턴트 채용,https://www.saramin.co.kr/zf_user/jobs/relay/view?view_type=search&rec_idx=49281948&location=ts&searchword=%EB%8D%B0%EC%9D%B4%ED%84%B0+%EB%B6%84%EC%84%9D&searchType=search&paid_fl=n&search_uuid=7faeb57c-27ec-48df-96b7-df1410b7063e,서울 강남구,경력10년↑,대졸↑,정규직·계약직,~ 12/27(금),"빅데이터, Python, 네트워크, 머신러닝, IT컨설팅 외                    수정일 24/11/28",급성장중,2024-12-08 20:14:01.567213
(주)에임드,[UA팀] 모바일게임 데이터 분석가 (주니어),https://www.saramin.co.kr/zf_user/jobs/relay/view?view_type=search&rec_idx=49470513&location=ts&searchword=%EB%8D%B0%EC%9D%B4%ED%84%B0+%EB%B6%84%EC%84%9D&searchType=search&paid_fl=n&search_uuid=7faeb57c-27ec-48df-96b7-df1410b7063e,서울 서초구,경력1년↑,학력무관,정규직,~ 12/31(화),"데이터분석가, 데이터 사이언티스트, 마케팅, 시장조사, 시장조사 외                    등록일 24/11/26",시리즈A 투자유치,2024-12-08 20:14:01.568876
비웨이브(주),데이터 분석가 채용 공고,https://www.saramin.co.kr/zf_user/jobs/relay/view?view_type=search&rec_idx=49447291&location=ts&searchword=%EB%8D%B0%EC%9D%B4%ED%84%B0+%EB%B6%84%EC%84%9D&searchType=search&paid_fl=n&search_uuid=7faeb57c-27ec-48df-96b7-df1410b7063e,경기 고양시 일산서구,경력1년↑,대졸↑,정규직,~ 12/21(토),"데이터엔지니어, 데이터분석가, 데이터 사이언티스트, 유지보수, MySQL 외                    등록일 24/11/21",급성장중,2024-12-08 20:14:01.570489
(주)알에이에이피,공간빅데이터 분석 플랫폼 개발자 채용 공고,https://www.saramin.co.kr/zf_user/jobs/relay/view?view_type=search&rec_idx=49511995&location=ts&searchword=%EB%8D%B0%EC%9D%B4%ED%84%B0+%EB%B6%84%EC%84%9D&searchType=search&paid_fl=n&search_uuid=7faeb57c-27ec-48df-96b7-df1410b7063e,서울 송파구,경력무관,초대졸↑,정규직,~ 01/03(금),"Python, 웹개발, AWS, Bootstrap, CSS 외                    수정일 24/12/03",,2024-12-08 20:14:01.572259
(주)화이트스캔,[데이터 분석] 경력직 채용,https://www.saramin.co.kr/zf_user/jobs/relay/view?view_type=search&rec_idx=49322429&location=ts&searchword=%EB%8D%B0%EC%9D%B4%ED%84%B0+%EB%B6%84%EC%84%9D&searchType=search&paid_fl=n&search_uuid=7faeb57c-27ec-48df-96b7-df1410b7063e,서울 용산구,경력3년↑,대졸↑,정규직,~ 01/01(수),"데이터엔지니어, 데이터분석가, 데이터마이닝, 데이터 사이언티스트, 유지보수 외                    등록일 24/11/02",워라밸,2024-12-08 20:14:01.574001
(주)부동산플래닛,[데이터분석가] Data Analyst,https://www.saramin.co.kr/zf_user/jobs/relay/view?view_type=search&rec_idx=49463257&location=ts&searchword=%EB%8D%B0%EC%9D%B4%ED%84%B0+%EB%B6%84%EC%84%9D&searchType=search&paid_fl=n&search_uuid=7faeb57c-27ec-48df-96b7-df1410b7063e,서울 강남구,신입·경력,석사↑,정규직,~ 12/24(화),"데이터분석가, 데이터시각화, 데이터마이닝, 빅데이터, Python 외                    수정일 24/11/25",취업축하금,2024-12-08 20:14:01.575974
(주)시니어앤파트너즈,[독일근무] SAP기업 데이터분석(경력),https://www.saramin.co.kr/zf_user/jobs/relay/view?view_type=search&rec_idx=49470702&location=ts&searchword=%EB%8D%B0%EC%9D%B4%ED%84%B0+%EB%B6%84%EC%84%9D&searchType=search&paid_fl=n&search_uuid=7faeb57c-27ec-48df-96b7-df1410b7063e,유럽 독일,경력 3~15년,대졸↑,정규직,~ 12/10(화),"데이터엔지니어, 데이터분석가, 데이터마이닝, 데이터라벨링, 데이터 사이언티스트 외                    수정일 24/11/26",마감임박,2024-12-08 20:14:01.577336
(주)맨파워그룹코리아,[광화문역] 글로벌 IT기업 POI 데이터 분석 및 업데이트 채용,https://www.saramin.co.kr/zf_user/jobs/relay/view?view_type=search&rec_idx=49484251&location=ts&searchword=%EB%8D%B0%EC%9D%B4%ED%84%B0+%EB%B6%84%EC%84%9D&searchType=search&paid_fl=n&search_uuid=7faeb57c-27ec-48df-96b7-df1410b7063e,서울 종로구,경력무관,초대졸↑,계약직·파견직,~ 12/16(월),"데이터엔지니어, DBA, 데이터분석가, 데이터분석, 데이터시각화 외                    수정일 24/12/04",재택근무,2024-12-08 20:14:01.578763
(주)엔씨소프트,[단기계약직] AI번역을 위한 데이터 분석/구축자 (중국어-번체) 모집,https://www.saramin.co.kr/zf_user/jobs/relay/view?view_type=search&rec_idx=49515614&location=ts&searchword=%EB%8D%B0%EC%9D%B4%ED%84%B0+%EB%B6%84%EC%84%9D&searchType=search&paid_fl=n&search_uuid=7faeb57c-27ec-48df-96b7-df1410b7063e,경기 성남시 분당구,경력2년↓,학력무관,계약직,~ 12/31(화),"그래픽디자인, 디지털디자인, 애니메이터, 웹디자인, 3D디자인 외                    수정일 24/12/03",평균연봉 상위 10%,2024-12-08 20:14:01.580561
(주)오션그래픽,해양 수치모델링 및 데이터 분석 업무 신입 및 경력 채용,https://www.saramin.co.kr/zf_user/jobs/relay/view?view_type=search&rec_idx=49440571&location=ts&searchword=%EB%8D%B0%EC%9D%B4%ED%84%B0+%EB%B6%84%EC%84%9D&searchType=search&paid_fl=n&search_uuid=7faeb57c-27ec-48df-96b7-df1410b7063e,서울 금천구,신입·경력,대졸↑,정규직,~ 12/20(금),"데이터분석, 연구원, 환경영향평가, 해양조사, 해양데이터분석 외                    등록일 24/11/20",,2024-12-08 20:14:01.582213
(주)나비프라,[나비프라]멀티로봇 경로계획/작업스케쥴링/데이터분석 엔지니어,https://www.saramin.co.kr/zf_user/jobs/relay/view?view_type=search&rec_idx=49480878&location=ts&searchword=%EB%8D%B0%EC%9D%B4%ED%84%B0+%EB%B6%84%EC%84%9D&searchType=search&paid_fl=n&search_uuid=a8bec87b-0c4f-4905-9c3b-da37b1f3782a,서울 서초구,경력무관,대졸↑,계약직,~ 12/27(금),"로봇엔지니어, 자율주행, 소프트웨어개발 수정일 24/11/27",연봉상승률 15% 이상,2024-12-08 20:14:03.526611
주식회사 리만코리아,영업기획팀_영업기획 및 데이터분석(사원~대리)_신입 지원 가능 [서울],https://www.saramin.co.kr/zf_user/jobs/relay/view?view_type=search&rec_idx=49451182&location=ts&searchword=%EB%8D%B0%EC%9D%B4%ED%84%B0+%EB%B6%84%EC%84%9D&searchType=search&paid_fl=n&search_uuid=a8bec87b-0c4f-4905-9c3b-da37b1f3782a,서울 강남구,경력 1~10년,고졸↑,정규직,~ 12/22(일),"데이터분석, 트렌드분석, 기획, 시장조사, 전략기획 외                    수정일 24/11/23",취업축하금,2024-12-08 20:14:03.528712
스타우토,[영업지원] 수입차부품 데이터분석 및 고객대응 정규직,https://www.saramin.co.kr/zf_user/jobs/relay/view?view_type=search&rec_idx=49398282&location=ts&searchword=%EB%8D%B0%EC%9D%B4%ED%84%B0+%EB%B6%84%EC%84%9D&searchType=search&paid_fl=n&search_uuid=a8bec87b-0c4f-4905-9c3b-da37b1f3782a,서울 용산구,경력무관,학력무관,정규직,~ 01/13(월),"데이터분석, 기획, 시장조사, 사업기획, 마케팅기획 외                    등록일 24/11/14",,2024-12-08 20:14:03.530340
프로페셔날핸즈인핸즈코리아(주),중견 반도체 상장사 통계/데이터 분석 경력(선임-책임급)(안산),https://www.saramin.co.kr/zf_user/jobs/relay/view?view_type=search&rec_idx=49464529&location=ts&searchword=%EB%8D%B0%EC%9D%B4%ED%84%B0+%EB%B6%84%EC%84%9D&searchType=search&paid_fl=n&search_uuid=a8bec87b-0c4f-4905-9c3b-da37b1f3782a,경기 안산시 단원구,경력 5~10년,대졸↑,정규직,~ 12/25(수),"데이터엔지니어, 통계/분석, 데이터분석가, 반도체, 디스플레이 외                    등록일 24/11/25",점심지원,2024-12-08 20:14:03.531832
(주)원익피앤이,[원익PNE] S/W개발(빅데이터 분석 및 솔루션 개발) 경력직 채용,https://www.saramin.co.kr/zf_user/jobs/relay/view?view_type=search&rec_idx=49281169&location=ts&searchword=%EB%8D%B0%EC%9D%B4%ED%84%B0+%EB%B6%84%EC%84%9D&searchType=search&paid_fl=n&search_uuid=a8bec87b-0c4f-4905-9c3b-da37b1f3782a,경기 수원시 권선구,경력5년↑,대졸↑,정규직,채용시,"빅데이터, 솔루션, 딥러닝, 머신러닝, 알고리즘 외                    수정일 24/10/28",,2024-12-08 20:14:03.533367
(주)이글루코퍼레이션,[연구개발본부] 데이터 분석 엔진 개발 경력 정규직 채용 (6년 ↑),https://www.saramin.co.kr/zf_user/jobs/relay/view?view_type=search&rec_idx=49535465&location=ts&searchword=%EB%8D%B0%EC%9D%B4%ED%84%B0+%EB%B6%84%EC%84%9D&searchType=search&paid_fl=n&search_uuid=a8bec87b-0c4f-4905-9c3b-da37b1f3782a,서울전체,경력 6~10년,초대졸↑,정규직,~ 01/04(토),"DBA, 데이터분석가, 데이터시각화, 데이터마이닝, 빅데이터 외                    등록일 24/12/05",취업축하금,2024-12-08 20:14:03.534788
(주)스카우트,디지털마케팅 컨설턴트 (마케팅전략/데이터분석/CEJ 기획),https://www.saramin.co.kr/zf_user/jobs/relay/view?view_type=search&rec_idx=49487370&location=ts&searchword=%EB%8D%B0%EC%9D%B4%ED%84%B0+%EB%B6%84%EC%84%9D&searchType=search&paid_fl=n&search_uuid=a8bec87b-0c4f-4905-9c3b-da37b1f3782a,서울 강남구,경력3년↑,대졸↑,정규직,채용시,"데이터엔지니어, 데이터분석가, 데이터분석, 데이터시각화, 마케팅 외                    등록일 24/11/28",,2024-12-08 20:14:03.536315
이노뎁(주),"SI 프로젝트 데이터 분석,설계 경력 채용 (계약직)",https://www.saramin.co.kr/zf_user/jobs/relay/view?view_type=search&rec_idx=49234753&location=ts&searchword=%EB%8D%B0%EC%9D%B4%ED%84%B0+%EB%B6%84%EC%84%9D&searchType=search&paid_fl=n&search_uuid=a8bec87b-0c4f-4905-9c3b-da37b1f3782a,서울 금천구,경력 5~10년,대졸↑,계약직,~ 12/20(금),"데이터엔지니어, 데이터분석가, 데이터분석, 데이터마이닝, 데이터 사이언티스트 외                    수정일 24/11/28",스타트업,2024-12-08 20:14:03.537737
㈜이씨마이너,연구소 빅데이터분석/AI솔루션개발자/ Visual C++ 개발자 모집,https://www.saramin.co.kr/zf_user/jobs/relay/view?view_type=search&rec_idx=49421753&location=ts&searchword=%EB%8D%B0%EC%9D%B4%ED%84%B0+%EB%B6%84%EC%84%9D&searchType=search&paid_fl=n&search_uuid=a8bec87b-0c4f-4905-9c3b-da37b1f3782a,서울 강남구,경력무관,대졸↑,정규직,~ 01/17(금),"Java, C++, Windows, C언어, R 외                    등록일 24/11/18",스타트업,2024-12-08 20:14:03.539141
씨앤토트(주),"빅데이터 분석 시스템 모델러, 데이터 아키텍트 (DA) (경력)",https://www.saramin.co.kr/zf_user/jobs/relay/view?view_type=search&rec_idx=49327880&location=ts&searchword=%EB%8D%B0%EC%9D%B4%ED%84%B0+%EB%B6%84%EC%84%9D&searchType=search&paid_fl=n&search_uuid=a8bec87b-0c4f-4905-9c3b-da37b1f3782a,서울 서초구,경력5년↑,학력무관,정규직,채용시,"데이터엔지니어, DBA, 데이터분석가, 데이터시각화, 데이터마이닝 외                    등록일 24/11/04",평균연봉 상위 10%,2024-12-08 20:14:03.540660
(주)시스노바,[SYSNOVA]데이터 분석 및 AI 모델 개발 연구원,https://www.saramin.co.kr/zf_user/jobs/relay/view?view_type=search&rec_idx=49361510&location=ts&searchword=%EB%8D%B0%EC%9D%B4%ED%84%B0+%EB%B6%84%EC%84%9D&searchType=search&paid_fl=n&search_uuid=a8bec87b-0c4f-4905-9c3b-da37b1f3782a,경남 사천시,경력,대졸↑,정규직,오늘마감,"알고리즘, 개발PM, SI·시스템통합 등록일 24/11/08",평균연봉 상위 10%,2024-12-08 20:14:03.542071
(주)브릭,데이터분석가(경력 5년 이상) 채용,https://www.saramin.co.kr/zf_user/jobs/relay/view?view_type=search&rec_idx=49358475&location=ts&searchword=%EB%8D%B0%EC%9D%B4%ED%84%B0+%EB%B6%84%EC%84%9D&searchType=search&paid_fl=n&search_uuid=a8bec87b-0c4f-4905-9c3b-da37b1f3782a,경기 성남시 분당구,경력5년↑,대졸↑,정규직,~ 01/06(월),"데이터분석가, 빅데이터, 솔루션, Python, 머신러닝 외                    등록일 24/11/07",워라밸,2024-12-08 20:14:03.543636
HR컨설팅(주),유명중견교육그룹 데이터분석 과장급 5년이상,https://www.saramin.co.kr/zf_user/jobs/relay/view?view_type=search&rec_idx=49470214&location=ts&searchword=%EB%8D%B0%EC%9D%B4%ED%84%B0+%EB%B6%84%EC%84%9D&searchType=search&paid_fl=n&search_uuid=a8bec87b-0c4f-4905-9c3b-da37b1f3782a,서울 성동구,경력 5~10년,대졸↑,정규직,~ 12/26(목),"데이터분석가, 유지보수, Azure, R, SAS 외                    등록일 24/11/26",급성장중,2024-12-08 20:14:03.545111
(주)위밋모빌리티,[위밋모빌리티]데이터 분석 기반 퍼포먼스 마케터(경력),https://www.saramin.co.kr/zf_user/jobs/relay/view?view_type=search&rec_idx=49309174&location=ts&searchword=%EB%8D%B0%EC%9D%B4%ED%84%B0+%EB%B6%84%EC%84%9D&searchType=search&paid_fl=n&search_uuid=a8bec87b-0c4f-4905-9c3b-da37b1f3782a,서울 관악구,경력 3~7년,학력무관,정규직,~ 12/30(월),"데이터분석, 마케팅, 마케팅기획, 기획, 퍼포먼스마케팅 외                    수정일 24/12/04",Pre A 투자유치,2024-12-08 20:14:03.546605
(주)엔엠에스컨설팅,CRM/데이터 분석가 (대형 가전마트사),https://www.saramin.co.kr/zf_user/jobs/relay/view?view_type=search&rec_idx=49457133&location=ts&searchword=%EB%8D%B0%EC%9D%B4%ED%84%B0+%EB%B6%84%EC%84%9D&searchType=search&paid_fl=n&search_uuid=a8bec87b-0c4f-4905-9c3b-da37b1f3782a,서울 송파구,경력3년↑,대졸↑,정규직,채용시,"데이터분석가, 데이터분석, 데이터마이닝, 데이터 사이언티스트, 솔루션 외                    등록일 24/11/23",,2024-12-08 20:14:03.548157
(주)투비파트너즈,데이터 분석가,https://www.saramin.co.kr/zf_user/jobs/relay/view?view_type=search&rec_idx=49507319&location=ts&searchword=%EB%8D%B0%EC%9D%B4%ED%84%B0+%EB%B6%84%EC%84%9D&searchType=search&paid_fl=n&search_uuid=a8bec87b-0c4f-4905-9c3b-da37b1f3782a,서울 서초구,경력 6~12년,대졸↑,정규직,~ 12/17(화),"데이터분석가, 솔루션, Python, R, 헤드헌팅 등록일 24/12/02",IT개발·데이터 지원 급상승,2024-12-08 20:14:03.549495
(주)로앤컴퍼니,[로앤컴퍼니] 데이터분석팀 채용(시니어),https://www.saramin.co.kr/zf_user/jobs/relay/view?view_type=search&rec_idx=49311482&location=ts&searchword=%EB%8D%B0%EC%9D%B4%ED%84%B0+%EB%B6%84%EC%84%9D&searchType=search&paid_fl=n&search_uuid=a8bec87b-0c4f-4905-9c3b-da37b1f3782a,서울 강남구,경력 6~10년,학력무관,정규직,채용시,"데이터분석가, 인프라, DW, GCP, R 외                    등록일 24/10/31",시리즈C 투자유치,2024-12-08 20:14:03.551078
(주)스카우트파트너스,CRM 담당(데이터분석.고객생애주기.캠페인설계.SQL.3-12)대기업,https://www.saramin.co.kr/zf_user/jobs/relay/view?view_type=search&rec_idx=49500179&location=ts&searchword=%EB%8D%B0%EC%9D%B4%ED%84%B0+%EB%B6%84%EC%84%9D&searchType=search&paid_fl=n&search_uuid=a8bec87b-0c4f-4905-9c3b-da37b1f3782a,서울 강남구,경력 3~14년,대졸↑,정규직,~ 12/30(월),"데이터엔지니어, 데이터분석가, 데이터분석, 데이터마이닝, 빅데이터 외                    수정일 24/12/05",성과급/상여금,2024-12-08 20:14:03.552570
(주)리앤파트너,[국내최대 가상자산거래소기업] 데이터 분석 개발자  (정규직),https://www.saramin.co.kr/zf_user/jobs/relay/view?view_type=search&rec_idx=49533317&location=ts&searchword=%EB%8D%B0%EC%9D%B4%ED%84%B0+%EB%B6%84%EC%84%9D&searchType=search&paid_fl=n&search_uuid=a8bec87b-0c4f-4905-9c3b-da37b1f3782a,서울 서초구,경력4년↑,대졸↑,정규직,~ 01/04(토),"데이터엔지니어, 데이터분석가, 클라우드, SE(시스템엔지니어), DW 외                    등록일 24/12/05",자유로운 연차,2024-12-08 20:14:03.554003
(주)스카우트파트너스,데이터분석가 (생애주기.온오프.CRM캠페인솔루션) 유통 대기업,https://www.saramin.co.kr/zf_user/jobs/relay/view?view_type=search&rec_idx=49546059&location=ts&searchword=%EB%8D%B0%EC%9D%B4%ED%84%B0+%EB%B6%84%EC%84%9D&searchType=search&paid_fl=n&search_uuid=a8bec87b-0c4f-4905-9c3b-da37b1f3782a,서울 강남구,경력 5~14년,대졸↑,정규직,~ 01/06(월),"데이터엔지니어, 데이터분석가, 데이터분석, 데이터마이닝, 빅데이터 외                    등록일 24/12/07",성과급/상여금,2024-12-08 20:14:03.555451
(주)메타써치,메이저 가상자산 거래소 데이터 분석 개발자 채용,https://www.saramin.co.kr/zf_user/jobs/relay/view?view_type=search&rec_idx=49487375&location=ts&searchword=%EB%8D%B0%EC%9D%B4%ED%84%B0+%EB%B6%84%EC%84%9D&searchType=search&paid_fl=n&search_uuid=a8bec87b-0c4f-4905-9c3b-da37b1f3782a,서울 강남구,경력 4~12년,대졸↑,정규직,~ 12/28(토),"데이터엔지니어, 클라우드, API, IaaS, PaaS 외                    등록일 24/11/28",,2024-12-08 20:14:03.557084
(주)메타써치,메이저 가상자산 거래소 고객 데이터 분석 담당자 채용,https://www.saramin.co.kr/zf_user/jobs/relay/view?view_type=search&rec_idx=49487402&location=ts&searchword=%EB%8D%B0%EC%9D%B4%ED%84%B0+%EB%B6%84%EC%84%9D&searchType=search&paid_fl=n&search_uuid=a8bec87b-0c4f-4905-9c3b-da37b1f3782a,서울 강남구,경력 3~7년,대졸↑,정규직,~ 12/28(토),"데이터분석가, 데이터 사이언티스트, 블록체인, 암호화폐, 헤드헌팅 등록일 24/11/28",,2024-12-08 20:14:03.558860
(주)메타써치,메이저 가상자산 거래소 비즈니스 데이터 분석 담당 채용,https://www.saramin.co.kr/zf_user/jobs/relay/view?view_type=search&rec_idx=49487312&location=ts&searchword=%EB%8D%B0%EC%9D%B4%ED%84%B0+%EB%B6%84%EC%84%9D&searchType=search&paid_fl=n&search_uuid=a8bec87b-0c4f-4905-9c3b-da37b1f3782a,서울 강남구,경력 5~12년,대졸↑,정규직,~ 12/28(토),"데이터분석가, 데이터 사이언티스트, SQL, 헤드헌팅 등록일 24/11/28",,2024-12-08 20:14:03.560394
스텝업파트너스주식회사,[글로벌 모바일게임 기업] 데이터 분석가,https://www.saramin.co.kr/zf_user/jobs/relay/view?view_type=search&rec_idx=49458118&location=ts&searchword=%EB%8D%B0%EC%9D%B4%ED%84%B0+%EB%B6%84%EC%84%9D&searchType=search&paid_fl=n&search_uuid=a8bec87b-0c4f-4905-9c3b-da37b1f3782a,서울 강남구,경력 2~5년,대졸↑,정규직,~ 12/23(월),"데이터분석가, Spark, 헤드헌팅 수정일 24/11/23",,2024-12-08 20:14:03.561939
(주)에이치투비즈,(주)에이치투비즈 데이터분석가(사업팀) 정규직 채용,https://www.saramin.co.kr/zf_user/jobs/relay/view?view_type=search&rec_idx=49526397&location=ts&searchword=%EB%8D%B0%EC%9D%B4%ED%84%B0+%EB%B6%84%EC%84%9D&searchType=search&paid_fl=n&search_uuid=a8bec87b-0c4f-4905-9c3b-da37b1f3782a,서울 강서구,경력3년↑,초대졸↑,정규직,~ 02/02(일),"데이터분석가, 데이터분석, 소프트웨어개발 수정일 24/12/05",급성장중,2024-12-08 20:14:03.563393
(주)더라이징스타헤딩,[전기차 충전 플랫폼] 데이터 분석,https://www.saramin.co.kr/zf_user/jobs/relay/view?view_type=search&rec_idx=49495961&location=ts&searchword=%EB%8D%B0%EC%9D%B4%ED%84%B0+%EB%B6%84%EC%84%9D&searchType=search&paid_fl=n&search_uuid=a8bec87b-0c4f-4905-9c3b-da37b1f3782a,서울 종로구,경력 2~8년,대졸↑,정규직,~ 12/13(금),"데이터분석가, Python, SQL, BI 엔지니어, 에너지 등록일 24/11/29",급성장중,2024-12-08 20:14:03.564924
(주)와이비에스,도시/교통분야  빅데이터 분석 및 AI 알고리즘/모델 구현 경력직,https://www.saramin.co.kr/zf_user/jobs/relay/view?view_type=search&rec_idx=49482053&location=ts&searchword=%EB%8D%B0%EC%9D%B4%ED%84%B0+%EB%B6%84%EC%84%9D&searchType=search&paid_fl=n&search_uuid=a8bec87b-0c4f-4905-9c3b-da37b1f3782a,서울 관악구,경력5년↑,대졸↑,정규직,채용시,"빅데이터, Python, 알고리즘, AI(인공지능), 통계분석 외                    등록일 24/11/27",,2024-12-08 20:14:03.566380
쓰리핸즈(3Handz),[ 데이터분석가 ] 전자제품 1위 유통 대기업,https://www.saramin.co.kr/zf_user/jobs/relay/view?view_type=search&rec_idx=49535949&location=ts&searchword=%EB%8D%B0%EC%9D%B4%ED%84%B0+%EB%B6%84%EC%84%9D&searchType=search&paid_fl=n&search_uuid=a8bec87b-0c4f-4905-9c3b-da37b1f3782a,서울 강남구,경력 3~12년,대졸↑,정규직,채용시,"데이터엔지니어, 데이터분석가, 빅데이터, 솔루션, Python 외                    등록일 24/12/05",,2024-12-08 20:14:03.568064
(주)유니토아,이커머스 마케터 경력자모집 (IMC/데이터분석/광고관리),https://www.saramin.co.kr/zf_user/jobs/relay/view?view_type=search&rec_idx=49174032&location=ts&searchword=%EB%8D%B0%EC%9D%B4%ED%84%B0+%EB%B6%84%EC%84%9D&searchType=search&paid_fl=n&search_uuid=a8bec87b-0c4f-4905-9c3b-da37b1f3782a,서울 강남구,경력 3~5년,대졸↑,정규직,채용시,"데이터분석, 회원분석, 브랜드관리, 마케팅, 기획 외                    수정일 24/10/15",연봉상승률 10% 이상,2024-12-08 20:14:03.569603
일루넥스,"2024년 경력 인공지능, 빅데이터 분석 채용",https://www.saramin.co.kr/zf_user/jobs/relay/view?view_type=search&rec_idx=49348215&location=ts&searchword=%EB%8D%B0%EC%9D%B4%ED%84%B0+%EB%B6%84%EC%84%9D&searchType=search&paid_fl=n&search_uuid=a8bec87b-0c4f-4905-9c3b-da37b1f3782a,경기 고양시 덕양구,경력 3~10년,대졸↑,정규직,상시채용,"데이터분석, 빅데이터, 머신러닝, 알고리즘, AI(인공지능) 외                    등록일 24/11/06",급성장중,2024-12-08 20:14:03.571063
(주)엔씨소프트,"[단기계약직] NLP 데이터 분석, 처리를 위한 개발자 (언어공학자) 모집",https://www.saramin.co.kr/zf_user/jobs/relay/view?view_type=search&rec_idx=49394844&location=ts&searchword=%EB%8D%B0%EC%9D%B4%ED%84%B0+%EB%B6%84%EC%84%9D&searchType=search&paid_fl=n&search_uuid=a8bec87b-0c4f-4905-9c3b-da37b1f3782a,경기 성남시 분당구,신입·경력,학력무관,계약직,~ 12/31(화),"그래픽디자인, 디지털디자인, 애니메이터, 웹디자인, 3D디자인 외                    수정일 24/11/13",평균연봉 상위 10%,2024-12-08 20:14:03.572625
(주)엔씨소프트,[NC 분할법인_루디우스게임즈] 데이터분석전문가 모집,https://www.saramin.co.kr/zf_user/jobs/relay/view?view_type=search&rec_idx=49528920&location=ts&searchword=%EB%8D%B0%EC%9D%B4%ED%84%B0+%EB%B6%84%EC%84%9D&searchType=search&paid_fl=n&search_uuid=a8bec87b-0c4f-4905-9c3b-da37b1f3782a,경기 성남시 분당구,경력5년↑,대졸↑,정규직,~ 02/03(월),"그래픽디자인, 디지털디자인, 애니메이터, 웹디자인, 3D디자인 외                    수정일 24/12/04",평균연봉 상위 10%,2024-12-08 20:14:03.574051
(주)엠포스,[엠포스] 광고 데이터 분석 전문가 경력직 채용,https://www.saramin.co.kr/zf_user/jobs/relay/view?view_type=search&rec_idx=49455296&location=ts&searchword=%EB%8D%B0%EC%9D%B4%ED%84%B0+%EB%B6%84%EC%84%9D&searchType=search&paid_fl=n&search_uuid=a8bec87b-0c4f-4905-9c3b-da37b1f3782a,서울 서초구,경력 5~10년,초대졸↑,정규직,~ 12/22(일),"데이터분석, 전략기획, 사업기획, 애드테크, 광고기획사 외                    수정일 24/11/25",급성장중,2024-12-08 20:14:03.575661
(주)이롬토탈서비스,데이터분석/엑셀자료제작/사무담당자 모집,https://www.saramin.co.kr/zf_user/jobs/relay/view?view_type=search&rec_idx=49465695&location=ts&searchword=%EB%8D%B0%EC%9D%B4%ED%84%B0+%EB%B6%84%EC%84%9D&searchType=search&paid_fl=n&search_uuid=a8bec87b-0c4f-4905-9c3b-da37b1f3782a,서울 서초구,경력2년↑,학력무관,정규직,~ 12/25(수),"문서작성, 사무직, Excel, 문구·팬시 수정일 24/12/07",자유로운 연차,2024-12-08 20:14:03.577096
에버브레인컨설팅(주),데이터분석담당 - 리걸테크 기업,https://www.saramin.co.kr/zf_user/jobs/relay/view?view_type=search&rec_idx=49491778&location=ts&searchword=%EB%8D%B0%EC%9D%B4%ED%84%B0+%EB%B6%84%EC%84%9D&searchType=search&paid_fl=n&search_uuid=a8bec87b-0c4f-4905-9c3b-da37b1f3782a,서울 성동구,경력 8~15년,대졸↑,정규직,~ 12/28(토),"데이터분석, 기획, 인터넷법률 등록일 24/11/28",,2024-12-08 20:14:03.578617
(주)리앤파트너,[국내최대 가상자산거래소기업] 비즈니스 데이터 분석 (정규직),https://www.saramin.co.kr/zf_user/jobs/relay/view?view_type=search&rec_idx=49522023&location=ts&searchword=%EB%8D%B0%EC%9D%B4%ED%84%B0+%EB%B6%84%EC%84%9D&searchType=search&paid_fl=n&search_uuid=a8bec87b-0c4f-4905-9c3b-da37b1f3782a,서울 서초구,경력 7~10년,대졸↑,정규직,~ 01/02(목),"데이터분석, 기획, 헤드헌팅 등록일 24/12/03",자유로운 연차,2024-12-08 20:14:03.580092
(주)리앤파트너,[국내최대 가상자산거래소기업] 고객 데이터 분석 담당자,https://www.saramin.co.kr/zf_user/jobs/relay/view?view_type=search&rec_idx=49545354&location=ts&searchword=%EB%8D%B0%EC%9D%B4%ED%84%B0+%EB%B6%84%EC%84%9D&searchType=search&paid_fl=n&search_uuid=a8bec87b-0c4f-4905-9c3b-da37b1f3782a,서울 서초구,경력 3~7년,학력무관,정규직,~ 01/05(일),"데이터분석, 헤드헌팅 등록일 24/12/06",프리한 복장,2024-12-08 20:14:03.581394
(주)에이치비아이기술연구소,[국비학원]K-디지털 트레이닝 데이터분석/머신러닝 경력강사,https://www.saramin.co.kr/zf_user/jobs/relay/view?view_type=search&rec_idx=49523701&location=ts&searchword=%EB%8D%B0%EC%9D%B4%ED%84%B0+%EB%B6%84%EC%84%9D&searchType=search&paid_fl=n&search_uuid=a8bec87b-0c4f-4905-9c3b-da37b1f3782a,서울 마포구,경력 5~20년,대졸↑,프리랜서,~ 12/27(금),"IT강사, 컴퓨터교육, IT학원 수정일 24/12/04",,2024-12-08 20:14:03.582813
제이앤피에이치알컨설팅,[Global Company] 글로벌 데이터 분석,https://www.saramin.co.kr/zf_user/jobs/relay/view?view_type=search&rec_idx=49519668&location=ts&searchword=%EB%8D%B0%EC%9D%B4%ED%84%B0+%EB%B6%84%EC%84%9D&searchType=search&paid_fl=n&search_uuid=a8bec87b-0c4f-4905-9c3b-da37b1f3782a,서울 강남구,경력4년↑,초대졸↑,정규직,~ 12/18(수),"데이터분석, 기획, 리서치, 헤드헌팅 수정일 24/12/03",워라밸,2024-12-08 20:14:03.584247
제이앤피에이치알컨설팅,[Global Company] 데이터 분석,https://www.saramin.co.kr/zf_user/jobs/relay/view?view_type=search&rec_idx=49519581&location=ts&searchword=%EB%8D%B0%EC%9D%B4%ED%84%B0+%EB%B6%84%EC%84%9D&searchType=search&paid_fl=n&search_uuid=a8bec87b-0c4f-4905-9c3b-da37b1f3782a,서울 강남구,경력4년↑,초대졸↑,정규직,~ 12/18(수),"데이터분석, 기획, 리서치, 헤드헌팅 등록일 24/12/03",성과급/상여금,2024-12-08 20:14:03.585720
